university_name,year,world_rank,country,national_rank,quality_of_education,citations,patents,score,award,pub,teaching,international,research,num_students,student_staff_ratio
Harvard University,2012,1,USA,1,7,1,5,100,100,100,95.8,67.5,97.4,20152,8.9
Harvard University,2013,1,USA,1,1,1,7,100,100,100,94.9,63.7,98.6,20152,8.9
Harvard University,2014,1,USA,1,1,1,2,100,100,100,95.3,66.2,98.5,20152,8.9
Harvard University,2015,1,USA,1,1,1,3,100,100,100,92.9,67.6,98.6,20152,8.9
Stanford University,2013,2,USA,2,11,2,11,93.94,80.7,69.4,95,56.6,98.8,15596,7.8
Stanford University,2014,2,USA,2,11,3,6,99.09,82.8,70.9,94.7,68,96.8,15596,7.8
Stanford University,2015,2,USA,2,9,3,10,98.66,89.6,70.6,91.5,69,96.7,15596,7.8
Stanford University,2012,3,USA,3,17,2,15,89.5,79.7,69.6,94.8,57.2,98.9,15596,7.8
University of Oxford,2013,3,United Kingdom,1,7,13,15,92.54,55.3,69.9,89.7,88.7,98.1,19919,11.6
University of Cambridge,2012,4,United Kingdom,1,10,11,50,86.17,97.2,65.9,90.5,85.3,94.2,18812,11.8
University of Cambridge,2014,4,United Kingdom,1,2,12,48,97.64,96.6,66.5,90.6,86.7,95.3,18812,11.8
University of Cambridge,2015,4,United Kingdom,1,2,12,48,96.81,96.6,66.4,89.7,87.8,95.6,18812,11.8
California Institute of Technology,2012,5,USA,4,2,22,18,85.21,68.8,46.2,95.7,56,98.2,2243,6.9
University of Cambridge,2013,5,United Kingdom,2,3,10,39,90.24,97.3,66.2,91.2,83.6,95.6,18812,11.8
University of Oxford,2014,5,United Kingdom,2,7,11,16,97.51,54.9,72.7,89,90.2,98.5,19919,11.6
University of Oxford,2015,5,United Kingdom,2,7,7,15,96.46,54.9,70.9,88.6,90.7,97.7,19919,11.6
Columbia University,2013,6,USA,4,13,11,10,88.21,66.4,68,89.7,66.1,82,25055,5.9
Columbia University,2014,6,USA,4,13,9,4,97.41,65.9,69.1,86.6,68,79.1,25055,5.9
Columbia University,2015,6,USA,4,13,11,4,96.14,65.9,68.8,83.9,68.3,79.4,25055,5.9
Princeton University,2012,6,USA,5,8,26,101,82.5,91.3,44.5,91.5,49.6,99.1,7929,8.4
"University of California, Berkeley",2013,7,USA,5,6,4,19,85.07,79,68.1,85.1,49.7,99.3,36186,16.4
"University of California, Berkeley",2015,7,USA,5,5,4,29,92.25,79.4,67.9,84.2,58.5,96.7,36186,16.4
University of Oxford,2012,7,United Kingdom,2,13,19,26,82.34,56.6,68.9,89.5,91.9,96.6,19919,11.6
Princeton University,2013,8,USA,6,4,27,101,82.17,89.2,44,89.5,54.5,99.4,7929,8.4
University of Chicago,2014,8,USA,6,10,10,149,92.03,86.3,50.7,85.6,58.6,88.2,14221,6.9
University of Chicago,2015,8,USA,6,11,12,141,90.7,86.3,49.8,83.9,65.2,89.9,14221,6.9
Yale University,2012,8,USA,6,14,15,66,79.14,45.5,62.3,92.3,55.5,91.2,11751,4.4
Columbia University,2012,9,USA,7,23,14,5,78.86,68,67.8,89.1,67.6,81.8,25055,5.9
Princeton University,2014,9,USA,7,5,19,204,88.56,88.5,44.2,89.9,59.6,97.6,7929,8.4
Princeton University,2015,9,USA,7,4,24,225,89.42,93.4,42.4,86.6,61.2,94.7,7929,8.4
University of Chicago,2013,9,USA,7,9,30,101,79.16,83.4,49.8,89.6,55.3,92.9,14221,6.9
Cornell University,2015,10,USA,8,12,25,11,86.79,49.8,59.9,71.6,59,83.8,21424,10.2
"University of California, Berkeley",2012,10,USA,8,16,3,16,78.55,80.9,68.1,82.8,50.4,99.4,36186,16.4
Yale University,2013,10,USA,8,10,22,42,78.83,44.5,62.4,93.2,54.7,92.5,11751,4.4
Yale University,2014,10,USA,8,9,32,45,88.11,50.4,62.9,89.5,57.6,90.5,11751,4.4
California Institute of Technology,2013,11,USA,9,5,25,17,77.59,67.2,45.2,96.3,59.8,99.4,2243,6.9
Cornell University,2014,11,USA,9,12,23,12,85.8,49.8,61,72.1,55.6,83.8,21424,10.2
University of Chicago,2012,11,USA,9,15,28,101,73.82,85.3,49.2,89.4,58.8,90.8,14221,6.9
Yale University,2015,11,USA,9,10,35,49,86.61,50.4,63,88.5,59.8,90.8,11751,4.4
California Institute of Technology,2014,12,USA,10,6,16,9,85.5,66.7,44.9,94.4,65.8,98.2,2243,6.9
California Institute of Technology,2015,12,USA,10,6,19,13,84.4,66.7,44,92.2,67,98.1,2243,6.9
Cornell University,2012,12,USA,10,21,16,10,73.69,51.3,55.5,70.4,53.4,87.2,21424,10.2
University of Pennsylvania,2013,12,USA,10,22,9,14,77.24,34.1,66.7,90,38.1,89.4,20376,6.5
Cornell University,2013,13,USA,11,12,15,7,76.99,50.2,55.2,77,53.8,92.1,21424,10.2
University of Pennsylvania,2012,13,USA,11,31,8,9,73.64,34.9,67.9,87,34.3,86.1,20376,6.5
University of Pennsylvania,2014,14,USA,11,21,13,28,79.3,33.8,66.9,79.8,40.6,81.2,20376,6.5
University of Pennsylvania,2015,14,USA,11,20,14,14,77.6,33.8,67.7,79,43.8,82,20376,6.5
Kyoto University,2013,15,Japan,2,32,58,13,69.46,37.5,60.2,77.1,26.3,74.8,22809,5.6
"University of California, Los Angeles",2014,15,USA,12,27,7,10,78.35,47.1,71.3,84.8,46.4,91,38206,10.3
"University of California, Los Angeles",2015,15,USA,12,28,8,9,76.91,47.1,70.7,82.4,49.2,90.5,38206,10.3
Johns Hopkins University,2015,16,USA,13,18,5,2,71.6,33.6,70.2,75.6,59.7,84.2,15128,3.6
Kyoto University,2014,16,Japan,2,30,61,18,73.21,37.2,61.2,69.5,27.5,69.5,22809,5.6
"University of California, Los Angeles",2013,16,USA,12,38,6,12,67.84,47.4,71.2,87.3,42.3,93.8,38206,10.3
Kyoto University,2012,17,Japan,2,42,43,23,65.76,35.1,63,76.4,21.1,72,22809,5.6
Kyoto University,2015,17,Japan,2,22,88,16,68.6,37.2,59,70.4,29,68.4,22809,5.6
New York University,2014,17,USA,13,33,32,48,72.29,31.9,56.6,65.4,41.8,58.4,42056,6.8
New York University,2015,18,USA,14,32,46,43,68.39,31.9,56.2,68.3,41.2,62.4,42056,6.8
New York University,2013,19,USA,14,37,33,51,63.99,32.2,55.5,73.8,38.7,67.4,42056,6.8
"University of California, Los Angeles",2012,19,USA,13,62,6,13,64.05,43.4,72.2,85.9,41,92.5,38206,10.3
"University of California, San Diego",2012,20,USA,14,61,10,22,63.11,36.6,64,61.4,31.5,72,27233,6.5
"University of California, San Diego",2013,20,USA,15,33,14,22,63.12,35.8,63.4,63.4,34.2,79,27233,6.5
"University of California, San Diego",2014,20,USA,15,32,19,13,68.36,35.5,65,52,35.6,63,27233,6.5
"University of California, San Diego",2015,21,USA,16,36,15,17,66.59,35.5,62.9,52,37,66.6,27233,6.5
Northwestern University,2015,22,USA,17,163,27,42,66.56,22.1,58.1,72.7,36.7,78.9,18334,13.8
New York University,2012,23,USA,16,89,34,62,60.55,32.9,55.7,60.2,38.1,65.4,42056,6.8
Northwestern University,2014,23,USA,17,151,25,61,66.18,22.1,58.2,70.2,34.4,76,18334,13.8
Seoul National University,2014,24,South Korea,1,355,87,5,66.06,0,67.8,76.4,29.4,79.2,26389,13.9
Seoul National University,2015,24,South Korea,1,367,146,6,64.82,0,67.1,75.5,30.3,77.1,26389,13.9
Duke University,2013,25,USA,19,89,17,24,57.72,15,61.6,72.3,45.8,81.5,15172,4.8
Duke University,2014,26,USA,19,65,13,42,63.56,14.9,61.9,73.9,50,73,15172,4.8
Duke University,2012,27,USA,20,65,12,20,58.37,0,62.7,62.6,46.9,77.9,15172,4.8
University College London,2015,27,United Kingdom,3,21,15,67,62.27,36.2,71.7,70.4,90.6,80.4,26607,10.7
Duke University,2015,28,USA,20,74,15,33,61.55,14.9,61.7,73.5,50.5,75.2,15172,4.8
Northwestern University,2013,28,USA,21,101,24,30,56.12,22.2,57.5,77.6,33.8,87.3,18334,13.8
University of Toronto,2013,29,Canada,1,91,12,101,56.11,17.3,77.6,79.6,65.1,89.4,66198,19.5
University College London,2013,30,United Kingdom,4,24,21,73,56,29.7,67.5,83.5,89,88.8,26607,10.7
University College London,2014,30,United Kingdom,3,20,18,121,61.05,29.5,71.6,70.5,90.2,77.5,26607,10.7
University College London,2012,31,United Kingdom,4,35,33,86,55.21,30.4,67.1,77.8,91.8,84.3,26607,10.7
University of Toronto,2014,31,Canada,1,71,13,149,60.87,17.2,80.5,73.6,70,81.5,66198,19.5
Osaka University,2012,32,Japan,3,77,51,11,54.43,0,55.2,61.8,21.1,56.5,23144,7.8
University of Toronto,2015,32,Canada,1,70,9,145,60.04,17.2,79.1,74.4,71.2,85.1,66198,19.5
Northwestern University,2012,33,USA,23,101,20,35,54.4,22.8,58.1,66.3,35.3,75.5,18334,13.8
University of North Carolina at Chapel Hill,2013,34,USA,24,101,26,42,52.87,16.4,58.6,70.4,32.9,69.3,26518,7.3
Osaka University,2013,35,Japan,3,77,72,17,52.79,0,53.3,59.5,23.6,55.7,23144,7.8
University of Toronto,2012,35,Canada,1,101,18,101,53.43,17.7,79.1,76.9,69,87.4,66198,19.5
University of North Carolina at Chapel Hill,2012,36,USA,25,101,31,29,53.09,16.8,59.2,67.6,20.2,62.6,26518,7.3
"University of California, Santa Barbara",2013,37,USA,25,101,38,101,51.67,35.4,39.3,56.1,58.3,73.5,22020,27.3
University of Utah,2012,38,USA,27,92,67,12,52.64,11.9,46.4,42.1,23.3,41,25674,16.9
University of Southern California,2013,39,USA,27,101,36,40,51.56,26.8,51.3,68.4,43.4,57.1,36534,12.9
"University of California, Santa Barbara",2012,40,USA,29,101,36,101,52.15,36.2,40,55,52.6,65.3,22020,27.3
University of North Carolina at Chapel Hill,2015,40,USA,25,124,19,41,57.09,16.3,61.2,57.9,35.3,58.6,26518,7.3
McGill University,2012,41,Canada,2,70,47,101,51.72,0,57.8,72.8,81.4,78.4,31326,13.7
University of Virginia,2014,41,USA,26,194,55,94,58.6,0,43.4,49.7,30.2,33.9,23845,10.2
University of Virginia,2015,41,USA,26,209,88,97,56.73,0,43.7,48.7,31.8,35.9,23845,10.2
McGill University,2014,42,Canada,2,45,34,204,58.39,0,59.4,61.5,77.8,68.1,31326,13.7
McGill University,2015,42,Canada,2,34,44,132,56.49,0,59.3,63.3,79,69.9,31326,13.7
University of Utah,2013,42,USA,29,101,85,27,51.14,11.6,45.6,43.3,25.2,41.3,25674,16.9
Carnegie Mellon University,2012,43,USA,31,30,61,101,51.6,32.5,35.1,65.7,55,79.5,11885,13.1
Osaka University,2014,43,Japan,5,69,114,34,58.35,0,54.4,52.5,27.6,47.6,23144,7.8
Dartmouth College,2014,44,USA,27,46,125,74,58,0,25.6,38.5,32.7,34.5,6178,6.6
Dartmouth College,2015,44,USA,28,40,136,63,56.35,0,25.4,38.3,33.1,35.4,6178,6.6
University of Southern California,2012,44,USA,32,101,32,23,51.38,27.4,52.1,65.8,41.1,48.7,36534,12.9
Osaka University,2015,45,Japan,5,46,182,18,56.03,0,51.7,51.3,29.1,48,23144,7.8
"University of California, Davis",2012,45,USA,33,79,25,32,51.06,0,60.4,68,51.4,68.7,35364,13.9
University of North Carolina at Chapel Hill,2014,45,USA,28,179,22,38,57.51,16.3,61.1,57.6,35,55.3,26518,7.3
McGill University,2013,47,Canada,2,54,48,101,50.77,0,58.8,74.4,75.9,80.4,31326,13.7
"University of California, Irvine",2012,47,USA,35,101,52,65,50.64,30.2,46.4,36.2,36.3,42.3,26614,16.1
University of Arizona,2012,50,USA,37,101,45,27,50.29,0,49.3,45.1,28.4,43,36429,12.7
Carnegie Mellon University,2013,51,USA,35,30,74,101,49.56,31.8,34,71.8,51.4,87,11885,13.1
University of Southern California,2014,51,USA,32,148,61,33,55.7,31.7,52.3,58.7,43.4,43.2,36534,12.9
University of Southern California,2015,51,USA,34,152,101,34,55.12,31.7,53.2,55.2,42.7,44.6,36534,12.9
"University of California, Davis",2013,53,USA,37,60,31,90,49.16,0,58.6,67.9,51.7,71.6,35364,13.9
"University of California, Davis",2015,53,USA,36,54,35,62,54.85,0,58,54.4,52.9,59.7,35364,13.9
University of Rochester,2012,53,USA,39,41,54,62,49.51,7.9,41.5,47,45.7,33.5,9390,4.5
Boston University,2013,54,USA,38,101,41,100,48.96,11.6,50.8,65.4,39.2,50.9,24789,8.6
Carnegie Mellon University,2014,54,USA,35,25,52,170,55.3,31.6,34.4,63.1,58.1,77.4,11885,13.1
Peking University,2014,55,China,1,355,250,7,55.3,0,63.6,72.3,60.6,58.1,40148,8.3
University of Florida,2012,55,USA,40,101,42,2,48.8,0,60.4,46.7,25.9,59.9,50095,18.7
University of Florida,2013,55,USA,39,101,42,9,48.93,0,61,52,31.2,62.9,50095,18.7
Peking University,2015,56,China,1,182,182,20,54.26,0,64,70,53.7,61.9,40148,8.3
Tel Aviv University,2012,56,Israel,4,97,101,35,48.76,0,48.4,47.3,30.1,60.7,23977,24.4
University of Geneva,2013,56,Switzerland,2,52,101,101,48.83,28.4,37.7,36.2,95.3,42.5,15668,15
National Taiwan University,2015,57,Taiwan,1,92,182,695,54.23,0,55.5,48.8,27.5,57.3,31891,11.9
Rice University,2012,57,USA,41,28,53,101,48.76,22.4,30.6,45.9,39.7,38,6333,9
"University of California, Davis",2014,57,USA,36,47,38,68,55.18,0,59.3,55.5,53.7,56.4,35364,13.9
Dartmouth College,2012,58,USA,42,27,101,92,48.5,0,29,44.8,30.6,38.7,6178,6.6
University of British Columbia,2013,58,Canada,3,101,39,100,48.51,19,63.6,69.1,82.1,80.4,50152,17.6
University of Florida,2014,59,USA,38,212,52,8,54.76,0,60.4,48,30.9,49.9,50095,18.7
"University of Maryland, College Park",2013,59,USA,40,79,40,101,48.39,20.1,52.6,44.9,40.4,51.4,31331,8.4
Vanderbilt University,2012,59,USA,43,80,49,101,48.44,29.9,51,52.1,26.8,47.6,12161,3.6
Karolinska Institute,2013,60,Sweden,1,101,62,101,47.98,26.8,49.2,66.3,64.5,75.7,7774,11.5
"University of California, Santa Barbara",2014,60,USA,39,124,48,68,54.76,35.1,38.6,47.8,61.8,58.2,22020,27.3
University of Florida,2015,60,USA,38,214,46,5,54.18,0,58.7,49.8,32.2,52.1,50095,18.7
Carnegie Mellon University,2015,61,USA,39,25,78,165,54,31.6,34.3,61.6,59.3,74.9,11885,13.1
University of British Columbia,2014,61,Canada,3,85,36,78,54.75,18.8,63.9,59.9,84.2,67.9,50152,17.6
Vanderbilt University,2013,61,USA,41,101,60,40,47.8,29.2,50.9,51.5,27.5,40.9,12161,3.6
Boston University,2012,62,USA,44,101,37,101,48.31,11.9,51.2,60.7,37.2,46.2,24789,8.6
University of British Columbia,2015,62,Canada,3,81,37,81,53.92,18.8,63,60.5,84.8,69,50152,17.6
University of Utah,2014,62,USA,40,88,114,22,54.67,11.5,47.3,39.4,25.5,36.1,25674,16.9
"University of California, Santa Barbara",2015,64,USA,40,133,46,77,53.63,39.1,37.3,49.4,64.3,61.4,22020,27.3
University of Notre Dame,2014,64,USA,42,197,159,307,54.25,0,32.1,41.2,47.5,34.7,11829,13.8
National Taiwan University,2014,65,Taiwan,1,113,283,637,54.19,0,57.9,47.1,27.3,58.3,31891,11.9
National University of Singapore,2015,65,Singapore,1,367,78,25,53.44,0,59.5,72,94.9,78.1,31592,15.5
"University of California, Irvine",2013,65,USA,43,101,61,101,47.52,29.5,46.8,44,35.2,47.2,26614,16.1
University of Geneva,2012,65,Switzerland,2,46,101,101,47.94,29.1,37,34.9,97.5,39,15668,15
Boston University,2015,66,USA,41,303,37,135,53.43,11.5,49.5,56.4,47.8,46.7,24789,8.6
Brown University,2012,66,USA,46,49,92,101,47.91,13.7,42.9,59.8,33.4,53.6,8653,10.1
Boston University,2014,67,USA,44,291,43,227,53.96,11.5,50.3,56.5,44.2,46.1,24789,8.6
University of British Columbia,2012,67,Canada,3,101,48,101,47.74,19.4,64.2,68.6,88.7,78.6,50152,17.6
University of Arizona,2015,68,USA,42,139,31,235,53.26,0,48.4,44.9,38.8,51.4,36429,12.7
University of Copenhagen,2013,68,Denmark,1,101,51,101,47.12,19,60.2,42.2,73.5,40.4,27545,4.1
"University of Maryland, College Park",2012,68,USA,47,85,41,101,47.69,20.6,51.7,41.1,35.3,43.6,31331,8.4
Vanderbilt University,2015,69,USA,43,87,59,51,53.05,29,51,46,28.3,38.2,12161,3.6
Karolinska Institute,2012,70,Sweden,1,51,95,101,47.61,27.4,49.5,69.9,82,73.8,7774,11.5
University of Arizona,2014,70,USA,45,99,37,307,53.77,0,48.4,39.4,38,44.4,36429,12.7
University of Utah,2015,70,USA,44,97,101,19,52.89,11.5,46.7,38.8,27.5,36.5,25674,16.9
Karolinska Institute,2015,71,Sweden,1,149,52,743,52.79,26.6,50.8,57.1,60.6,68,7774,11.5
Vanderbilt University,2014,71,USA,46,108,52,51,53.69,29,51.5,46.8,28.6,38.7,12161,3.6
Tohoku University,2014,72,Japan,6,40,107,21,53.65,0,53.2,51.8,29.3,48.1,17200,5
"University of Maryland, College Park",2015,72,USA,45,68,39,280,52.72,20,52.7,36.5,44.8,39.1,31331,8.4
Karolinska Institute,2014,73,Sweden,1,126,38,737,53.64,26.6,51.8,58.1,73.2,67.7,7774,11.5
Tohoku University,2015,73,Japan,6,41,115,22,52.57,0,52.2,49.7,29.7,47.3,17200,5
Nagoya University,2012,74,Japan,4,56,101,46,46.89,14.6,44.7,45.5,21.2,39.2,15529,7.9
National University of Singapore,2014,74,Singapore,1,355,114,23,53.52,0,60.2,68,94.3,77.8,31592,15.5
University of Copenhagen,2015,74,Denmark,1,117,59,432,52.51,18.8,63.2,34,71.8,34.4,27545,4.1
University of Zurich,2013,74,Switzerland,3,101,52,101,46.54,24.2,50.9,50,84.1,41.6,26583,6.5
Seoul National University,2012,75,South Korea,1,101,69,4,46.74,0,66.4,64.6,16.3,50.8,26389,13.9
University of Geneva,2014,75,Switzerland,2,48,99,194,53.5,28.2,37.8,31.4,96.7,33.9,15668,15
"University of Maryland, College Park",2014,76,USA,47,63,38,338,53.46,20,52.5,39,42.4,37.2,31331,8.4
University of Rochester,2013,76,USA,47,63,66,51,46.44,7.7,41.8,46,45.9,37.8,9390,4.5
Brown University,2013,77,USA,48,59,96,101,46.43,13.4,42.6,63.7,36.9,60.3,8653,10.1
University of Notre Dame,2015,77,USA,47,221,182,352,52.27,0,31.8,43.3,51.4,38.5,11829,13.8
University of Rochester,2014,77,USA,48,60,69,76,53.06,7.7,40.7,42.8,50.7,29.9,9390,4.5
Case Western Reserve University,2012,78,USA,51,33,65,101,46.11,11.2,39.3,54.2,29.9,40.2,9259,6.4
Emory University,2014,78,USA,49,355,73,45,53.01,0,51.2,50.4,42.4,31.6,12338,4.5
Tsinghua University,2015,78,China,2,309,65,30,52.21,0,63.8,64.1,44.6,68.3,39763,13.7
University of Arizona,2013,78,USA,49,101,49,101,46.39,0,49,47,31.3,53.7,36429,12.7
Tohoku University,2012,79,Japan,5,53,67,29,45.82,0,55.1,57.7,25.6,55.7,17200,5
University of Copenhagen,2014,79,Denmark,1,111,61,481,52.94,18.8,61.1,33.9,76,32,27545,4.1
Georgia Institute of Technology,2015,80,USA,48,135,78,36,52.08,0,43.2,62.5,68.9,71.2,19967,20.1
"University of California, Irvine",2014,80,USA,50,217,48,138,52.93,29.3,46,37.1,36.4,40.8,26614,16.1
Brown University,2014,81,USA,51,56,55,170,52.92,13.3,43.6,55.4,37.7,52,8653,10.1
Emory University,2012,81,USA,53,101,50,46,45.47,0,49.4,48.4,37.3,39.8,12338,4.5
University of Oslo,2013,81,Norway,1,101,101,101,46.1,32.8,50.6,33.5,59,39.8,27139,18.8
University of Rochester,2015,81,USA,49,72,68,64,52.03,7.7,39,41.9,55.5,29.2,9390,4.5
Brown University,2015,83,USA,50,64,76,200,52.01,13.3,43.6,55.5,37,54.2,8653,10.1
Georgia Institute of Technology,2014,83,USA,52,123,79,24,52.74,0,43.9,59.4,67.8,68.6,19967,20.1
Emory University,2015,84,USA,51,367,93,55,51.85,0,51.3,49,42.9,32.4,12338,4.5
Tufts University,2014,84,USA,53,68,79,84,52.71,16.3,35.1,46.7,43.4,32.1,10410,10
University of Virginia,2012,84,USA,54,101,57,86,45.2,0,45.1,37,26.4,42.2,23845,10.2
Utrecht University,2013,84,Netherlands,1,101,47,101,45.73,20.1,47.1,48,47.3,64.7,30779,15.4
Leiden University,2012,85,Netherlands,1,88,101,101,45.13,9.7,47.6,45.4,54.4,55.3,21222,17.1
University of Zurich,2014,85,Switzerland,3,110,55,94,52.69,24,52.1,38,85.5,29.8,26583,6.5
Tel Aviv University,2014,86,Israel,3,74,176,28,52.63,0,47.4,39.9,43.3,48.3,23977,24.4
Tel Aviv University,2015,86,Israel,3,77,136,39,51.75,0,48.1,43.5,46.1,51.1,23977,24.4
Tufts University,2012,86,USA,55,60,75,101,44.91,16.8,36.6,45.8,41.3,37.4,10410,10
Georgia Institute of Technology,2012,87,USA,56,101,46,40,44.71,0,44.2,66.6,65,73.8,19967,20.1
Tsinghua University,2014,87,China,2,294,134,16,52.6,0,62.7,66.8,42.6,65.9,39763,13.7
Utrecht University,2015,87,Netherlands,2,84,59,429,51.74,20,46,38.2,52.9,54.8,30779,15.4
University of Sydney,2015,88,Australia,1,105,46,75,51.61,0,64.7,52.8,83.6,60.8,41868,20.2
University of Zurich,2012,88,Switzerland,4,101,99,101,44.51,24.7,50.1,56.7,87.4,45.9,26583,6.5
Utrecht University,2014,88,Netherlands,1,102,55,338,52.42,20,47.7,36.3,49.2,54.7,30779,15.4
"University of California, Irvine",2015,89,USA,52,227,68,162,51.51,29.3,45.3,39.5,56.1,41.7,26614,16.1
University of Helsinki,2012,89,Finland,1,96,54,101,44.44,16.8,52.7,39.3,46.8,54.2,23505,15.1
University of Oslo,2012,91,Norway,1,101,101,101,44.26,33.6,51.1,33.5,63.9,36.9,27139,18.8
Kyushu University,2014,92,Japan,7,355,283,27,51.96,0,45.8,38.6,24.5,28,18925,6.7
University of Geneva,2015,92,Switzerland,3,35,115,321,51.46,28.2,38.1,34.5,96.8,37.2,15668,15
University of Sydney,2013,92,Australia,1,101,101,48,44.77,0,62.5,59.5,83,70.1,41868,20.2
University of Copenhagen,2012,93,Denmark,1,101,101,101,44.15,19.4,58.6,37.8,74.8,31.6,27545,4.1
Rice University,2013,94,USA,56,51,64,81,44.53,21.9,29.5,49.5,59,39.3,6333,9
University of Sydney,2012,94,Australia,2,101,85,69,44.13,0,62.3,55.4,88.1,65.7,41868,20.2
Tufts University,2015,95,USA,54,60,93,84,51.22,16.3,34.9,43.6,51.1,33.9,10410,10
University of Sydney,2014,95,Australia,1,127,61,100,51.58,0,64.1,47.4,84.8,55.4,41868,20.2
Tokyo Institute of Technology,2014,96,Japan,8,208,87,44,51.53,0,38.4,52.4,32.1,51.4,9586,7.3
University of Zurich,2015,96,Switzerland,4,115,68,137,51.14,24,51.6,40.2,86.9,33.1,26583,6.5
Arizona State University,2015,97,USA,55,367,76,21,51.13,20,42.6,35.7,29.5,37.5,83236,29.9
University of Nottingham,2012,97,United Kingdom,6,101,101,92,43.79,20.6,45.8,40.2,72.6,40,30144,15
University of Bonn,2014,98,Germany,3,23,187,227,51.37,19.8,40.5,35.8,54.2,20.4,32474,70.4
University of Bristol,2012,98,United Kingdom,7,101,86,101,43.77,16.8,45.3,44.2,73.7,47.7,17906,14
University of Helsinki,2013,98,Finland,1,69,71,101,44.39,16.4,51.1,42.8,48.3,53,23505,15.1
Yonsei University,2015,98,South Korea,2,367,321,23,51.02,0,52.1,44.5,35.7,45.8,24774,11.6
University of Oslo,2015,99,Norway,1,53,101,302,50.81,32.6,49.1,36.1,60.3,35.2,27139,18.8
Utrecht University,2012,99,Netherlands,2,100,60,101,43.47,20.6,47.3,42.8,58.1,53.2,30779,15.4
Kyushu University,2015,100,Japan,7,367,264,37,50.6,0,44.2,36.5,26.1,28.5,18925,6.7
Case Western Reserve University,2014,102,USA,54,44,60,100,51.27,10.9,39,51,35.4,38.6,9259,6.4
University of Alberta,2014,103,Canada,4,163,81,84,51.23,0,55.5,44.6,70.1,47.8,36299,21.6
Case Western Reserve University,2015,105,USA,57,50,59,111,50.28,10.9,39.7,46.5,34.4,37.4,9259,6.4
Arizona State University,2014,106,USA,57,355,69,34,51.14,20,42.5,33.8,28.6,35.9,83236,29.9
University of Alberta,2015,107,Canada,4,169,82,116,50.25,0,54.2,43.8,73.4,47.1,36299,21.6
Yonsei University,2014,107,South Korea,2,355,250,15,50.95,0,51.1,44.5,35,47,24774,11.6
Leiden University,2015,108,Netherlands,3,120,53,260,50.17,9.4,46.9,45,59.5,58.2,21222,17.1
Rice University,2014,108,USA,58,54,45,61,50.94,21.7,30,44.1,67.7,35.5,6333,9
Tokyo Institute of Technology,2015,109,Japan,8,170,136,52,50.13,0,37.8,53.5,37,52.9,9586,7.3
University of Groningen,2015,110,Netherlands,4,313,68,316,50.1,18.8,52.6,36.9,56.1,50.8,24556,25.6
University of Helsinki,2014,110,Finland,1,53,99,481,50.76,16.3,52.3,35.5,51.3,46.5,23505,15.1
University of Helsinki,2015,111,Finland,1,56,88,420,50.04,16.3,51.8,37.5,49.7,48.1,23505,15.1
University of Oslo,2014,111,Norway,1,139,130,373,50.7,32.6,50,32.4,70.3,33,27139,18.8
Michigan State University,2014,112,USA,59,112,45,128,50.69,0,50.5,50,52.6,49.1,44750,15.7
Sapienza University of Rome,2015,112,Italy,1,67,212,312,49.97,13.3,52,32.3,37.5,28.1,120986,32.3
Georgetown University,2015,113,USA,59,159,321,122,49.92,0,31.7,51.1,43.3,28.2,15408,8.5
University of Amsterdam,2015,114,Netherlands,5,109,93,282,49.83,0,53.3,42,60.5,55.4,24570,14.4
University of the Witwatersrand,2014,114,South Africa,1,79,310,259,50.4,0,31.9,22.4,68.2,29.3,23321,18.6
Korea University,2015,115,South Korea,3,367,321,26,49.79,0,50.7,48.9,35.9,44.3,24043,15.8
Lund University,2014,116,Sweden,3,132,48,737,50.34,0,50.4,30.1,67.4,48.6,28251,11.5
University of Barcelona,2015,116,Spain,1,367,93,215,49.79,0,51.6,28.4,47.8,28.8,47491,12.2
Leiden University,2014,117,Netherlands,3,107,114,227,50.29,9.4,48.4,41.9,58.5,53.2,21222,17.1
Lund University,2015,117,Sweden,2,136,53,871,49.75,0,49.7,32.6,70.1,48.5,28251,11.5
Georgetown University,2014,118,USA,61,146,310,159,50.28,0,31.9,51.9,43.6,25.6,15408,8.5
Michigan State University,2015,118,USA,60,112,65,136,49.74,0,50.6,51.1,55,49.4,44750,15.7
Aarhus University,2014,119,Denmark,2,292,81,194,50.17,22.1,51.9,30.7,67.2,46.4,23895,13.6
Ghent University,2015,119,Belgium,2,123,68,90,49.73,13.3,57.5,42.5,49.1,51.6,32166,34.1
Rice University,2015,120,USA,61,52,59,76,49.73,21.7,29.2,41.7,70.8,37.1,6333,9
University of Barcelona,2014,120,Spain,1,355,81,259,50.17,0,51.8,24.5,45,24.7,47491,12.2
Aarhus University,2015,122,Denmark,2,310,101,154,49.65,22.1,51.8,30.9,66.3,47.5,23895,13.6
University of Amsterdam,2014,122,Netherlands,4,182,87,338,49.97,0,53.7,38.3,58.3,54.1,24570,14.4
University of Bristol,2014,123,United Kingdom,8,177,99,338,49.97,16.3,46.3,39.6,75,41.2,17906,14
University of Bristol,2015,123,United Kingdom,8,194,82,335,49.59,16.3,45.5,43.7,76.6,44.7,17906,14
Uppsala University,2014,124,Sweden,4,62,99,737,49.96,27.4,49.5,38.9,57.8,49.7,25266,18.2
Uppsala University,2015,124,Sweden,3,73,93,871,49.57,27.4,49.8,40.2,57.5,53,25266,18.2
Nagoya University,2015,125,Japan,9,39,146,78,49.57,25.3,44.3,37.5,31.8,31.8,15529,7.9
University of Iowa,2014,125,USA,63,223,87,115,49.95,0,45.3,44.2,29.3,31.6,27526,11.6
Stony Brook University,2014,126,USA,64,170,69,100,49.92,0,36.9,32.5,57.8,22.9,21908,10.9
University of Groningen,2014,127,Netherlands,5,293,107,338,49.89,18.8,52.6,36,53,48.6,24556,25.6
Radboud University Nijmegen,2014,129,Netherlands,6,118,114,552,49.85,0,51.7,29.7,58.6,46.1,17713,13
VU University Amsterdam,2015,129,Netherlands,6,367,68,871,49.44,0,55.5,35.5,50.6,43.2,23280,16.3
Korea University,2014,130,South Korea,4,355,220,34,49.84,0,49.1,46.2,35.5,42.2,24043,15.8
Nagoya University,2014,132,Japan,9,67,134,68,49.82,14.1,45.2,37.4,28,32.1,15529,7.9
Radboud University Nijmegen,2015,134,Netherlands,7,128,93,410,49.3,0,50.4,30.5,61.6,46.7,17713,13
University of Montreal,2014,134,Canada,5,309,87,426,49.79,0,50.9,45.7,75.6,42.9,38264,20.3
Nanyang Technological University,2015,135,Singapore,2,367,212,32,49.29,0,50.5,43.9,92.5,55.9,25028,16.2
Ghent University,2014,136,Belgium,2,115,81,121,49.73,13.3,57.1,41,49.5,48.9,32166,34.1
University of Miami,2015,137,USA,64,367,82,73,49.09,0,39.5,42.7,56.7,27.2,15286,5.7
Stony Brook University,2015,138,USA,65,186,93,96,49.09,0,36,32.8,60.5,24.4,21908,10.9
University of Miami,2014,138,USA,66,355,87,78,49.62,0,41,43.2,32.9,25.8,15286,5.7
University of Nottingham,2015,140,United Kingdom,10,131,146,138,49.02,20,45.9,39.9,70.6,35.8,30144,15
McMaster University,2014,141,Canada,6,210,87,159,49.51,18.8,45.7,35.3,68,42.7,23823,19.3
University of Iowa,2015,141,USA,67,233,115,121,49.01,0,44.7,41.9,31.7,33.5,27526,11.6
University of Birmingham,2014,142,United Kingdom,10,58,150,204,49.48,9.4,45.7,42.8,72.2,39.6,25295,16.4
VU University Amsterdam,2014,144,Netherlands,7,355,87,737,49.47,0,55.3,33.1,49.2,38.8,23280,16.3
Monash University,2015,145,Australia,5,277,182,99,48.91,0,58.6,43.7,79.6,54.4,50882,40.5
Wake Forest University,2014,145,USA,68,242,150,128,49.46,0,25.8,36.1,23.7,21.8,7326,4.6
University of Southampton,2014,146,United Kingdom,11,315,107,259,49.42,0,46.8,33.2,79.1,31.4,20925,13.5
University of Nottingham,2014,147,United Kingdom,12,128,150,159,49.41,20,46.5,38.4,70.3,36.3,30144,15
Nanyang Technological University,2014,148,Singapore,2,355,220,26,49.35,0,50.4,37.7,91,54.3,25028,16.2
University of Southampton,2015,148,United Kingdom,11,329,101,334,48.77,0,46.2,35.2,82.4,34.1,20925,13.5
University of the Witwatersrand,2015,149,South Africa,1,61,321,291,48.75,0,33,22.3,66.3,21.7,23321,18.6
McMaster University,2015,150,Canada,6,222,101,222,48.74,18.8,44.5,38.1,69.4,43.2,23823,19.3
University of Leeds,2014,151,United Kingdom,13,84,134,280,49.23,0,43.3,34.9,68.5,38.2,27703,14.7
University of Montreal,2015,151,Canada,7,320,101,540,48.72,0,50.6,43.8,76.7,44.4,38264,20.3
University of Birmingham,2015,152,United Kingdom,12,65,146,170,48.7,9.4,44.7,42.8,75.8,39.8,25295,16.4
University of Basel,2014,154,Switzerland,5,77,134,426,49.17,16.3,39.4,39.1,91.1,41,12551,17.3
"University of California, Santa Cruz",2015,154,USA,71,175,115,183,48.59,0,29,30.6,54.6,31.9,17404,22.7
University of Cincinnati,2015,157,USA,72,188,128,263,48.56,0,37.9,32,26,22.4,36108,15.7
University of Bonn,2015,158,Germany,8,58,146,341,48.54,19.8,39.8,32.2,54.8,22.2,32474,70.4
Wake Forest University,2015,159,USA,73,265,128,124,48.52,0,25,33.3,26,23.5,7326,4.6
University of Basel,2015,160,Switzerland,5,83,136,486,48.48,16.3,39.2,41.2,91.2,41.1,12551,17.3
University of Leeds,2015,161,United Kingdom,13,62,136,265,48.41,0,42.5,39.4,67.6,39.1,27703,14.7
University of Houston,2014,162,USA,70,355,493,89,48.91,0,36.7,37,31.5,23.8,40325,43.7
"University of California, Santa Cruz",2014,163,USA,71,160,114,227,48.89,0,29.4,25.9,39.4,29.1,17404,22.7
Pohang University of Science and Technology,2015,165,South Korea,5,367,212,24,48.24,0,29.9,52.7,36,49.3,3055,10.1
Stockholm University,2015,168,Sweden,5,129,88,839,48.23,27.4,40.4,30.1,53.2,45,31715,23.7
University of Gothenburg,2014,168,Sweden,5,248,107,737,48.79,15.4,42.7,23.4,47.1,35.8,26420,16.4
University of Padua,2015,169,Italy,2,281,182,351,48.17,0,48.2,20.7,40.4,18.2,62577,18.3
Monash University,2014,170,Australia,6,277,250,159,48.71,0,58.6,42.5,78.3,48.9,50882,40.5
Yeshiva University,2015,171,USA,76,200,161,128,48.11,0,31.5,45.2,27.6,23.9,6753,5.5
University of Milan,2015,172,Italy,3,162,212,438,48.07,0,46.3,25.3,37.4,22.9,58618,24.3
Yeshiva University,2014,172,USA,75,174,159,138,48.67,0,32.9,47.3,25.6,20.6,6753,5.5
Hanyang University,2014,174,South Korea,5,355,406,28,48.63,0,39.8,30.4,42.9,27.7,16729,10.4
Technical University of Denmark,2015,174,Denmark,3,351,161,46,48.06,11.5,39,39.9,79.7,28.2,9990,5
University of Strasbourg,2014,176,France,7,59,250,204,48.61,28.8,35.5,25.2,69.2,21.1,46208,17.8
University of Cincinnati,2014,177,USA,78,305,159,204,48.6,0,39.7,31.8,25.4,22.3,36108,15.7
Hokkaido University,2015,178,Japan,10,279,287,53,47.97,16.3,42.2,38.4,25.2,27.5,18162,8.2
Shanghai Jiao Tong University,2015,180,China,3,335,212,198,47.96,0,68.5,37.9,23.9,37.9,38191,12.8
University of Milan,2014,181,Italy,2,162,200,481,48.48,0,46,25.7,35.6,19.8,58618,24.3
Iowa State University,2014,182,USA,80,273,75,338,48.47,0,38.9,35.6,38.8,32.4,29991,17.4
University of Strasbourg,2015,182,France,7,71,264,269,47.89,28.8,34.6,28.6,69.5,23.4,46208,17.8
University of Houston,2015,184,USA,80,367,511,156,47.83,0,35.9,39.3,33.1,25.8,40325,43.7
University of Padua,2014,184,Italy,3,278,176,737,48.4,0,48.7,19.3,38.9,17.3,62577,18.3
Pohang University of Science and Technology,2014,186,South Korea,6,355,220,25,48.35,0,30.6,54.2,33.8,49,3055,10.1
University of Lausanne,2015,186,Switzerland,6,102,115,683,47.73,0,33.2,29.4,85.1,39.9,11964,13.1
Iowa State University,2015,187,USA,81,286,82,339,47.71,0,39.3,36.4,40.6,30.9,29991,17.4
Stockholm University,2014,187,Sweden,6,184,99,637,48.27,27.4,39.9,28.6,53.4,41.4,31715,23.7
Hokkaido University,2014,188,Japan,12,260,283,61,48.18,16.3,44,41,24.6,28.3,18162,8.2
Fudan University,2014,189,China,3,355,310,100,48.14,0,56.3,41.6,37.9,31.9,32175,12.2
Wayne State University,2015,189,USA,82,367,125,117,47.67,0,38.1,32,30.7,15.2,23065,10.7
University of Sussex,2014,190,United Kingdom,15,138,176,481,48.12,22.4,29,29.5,80.1,32.2,12001,17.4
Zhejiang University,2015,191,China,4,367,368,106,47.66,0,68.5,36,21.5,33.1,47508,15.9
Hanyang University,2015,192,South Korea,6,367,368,31,47.6,0,40.5,31.5,48.4,32.3,16729,10.4
Wayne State University,2014,192,USA,83,355,125,181,48.07,0,37.8,35.3,28.2,15.7,23065,10.7
University of Ottawa,2015,193,Canada,9,223,212,496,47.6,0,44,37.9,63.2,34.7,36733,26.3
University of Lausanne,2014,194,Switzerland,6,95,134,637,48.05,0,33.9,27.3,84.5,39.7,11964,13.1
Fudan University,2015,195,China,5,367,368,123,47.56,0,56.1,45.6,37.4,34,32175,12.2
Shanghai Jiao Tong University,2014,195,China,4,325,250,138,48.02,0,65.9,35.7,22.8,31.8,38191,12.8
University of Kansas,2015,196,USA,85,228,161,127,47.52,0,39.2,30.6,32.2,20.1,NA,NA
Technical University of Denmark,2014,197,Denmark,3,339,200,48,47.98,11.5,39,38.9,77.4,26.9,9990,5
University of Liverpool,2015,199,United Kingdom,15,176,128,377,47.49,13.3,41.2,31.3,79.5,33.2,18815,13.6
University of Bern,2015,200,Switzerland,7,184,93,433,47.49,0,41.3,42,80.7,36.9,14708,22.5
Cardiff University,2015,201,United Kingdom,16,321,146,193,47.46,16.3,39.2,30.5,69.3,30.4,23347,13.1
University of Bern,2014,201,Switzerland,7,166,99,426,47.93,0,40.3,38.9,78.5,31.4,14708,22.5
University of Illinois at Chicago,2015,203,USA,88,367,287,129,47.39,0,43.7,43,53.4,34.1,24313,9.2
University of Kansas,2014,203,USA,86,216,159,194,47.82,0,39.5,33.9,33.6,19.8,NA,NA
University of Erlangen-Nuremberg,2015,204,Germany,13,231,146,361,47.36,0,39.7,28.4,49,15.3,36146,53.9
University of Vienna,2014,205,Austria,1,200,150,737,47.78,0,37,35.8,89.5,36.1,34651,20.5
Zhejiang University,2014,206,China,5,355,493,94,47.76,0,66.5,35.9,21,32.1,47508,15.9
Claude Bernard University Lyon 1,2015,207,France,10,367,234,151,47.31,0,40.2,19.1,52.1,17.2,35308,16.1
University of Bologna,2015,208,Italy,4,350,212,354,47.28,0,48.1,31,43.1,23.2,85532,22.9
Cardiff University,2014,209,United Kingdom,16,306,310,170,47.74,16.3,42.4,28,70.6,30.9,23347,13.1
Queen Mary University of London,2015,209,United Kingdom,17,147,212,255,47.25,0,32.1,32.4,88.6,32.9,14260,14
University of Liverpool,2014,211,United Kingdom,17,159,134,373,47.69,13.3,42,31.1,75,31.2,18815,13.6
Newcastle University,2015,212,United Kingdom,18,367,234,365,47.17,0,37.6,30.3,73.8,29.6,20174,15.2
University of Ottawa,2014,212,Canada,9,355,159,481,47.69,0,43.3,36.5,62.4,34.8,36733,26.3
University of Erlangen-Nuremberg,2014,213,Germany,14,222,134,307,47.69,0,39.3,32.7,49.6,16.5,36146,53.9
"University of California, Riverside",2015,214,USA,89,247,161,194,47.13,0,32.2,29.4,61.6,27.5,20626,22
University of Kiel,2015,215,Germany,17,193,161,310,47.11,13.3,29.7,31.1,44.2,24.3,24444,23.8
Nanjing University,2014,217,China,6,331,363,57,47.67,0,51.5,36.8,50.8,23.2,29743,13.3
University of Connecticut,2015,218,USA,90,296,197,186,47.06,0,35,37.6,38.8,27.1,25742,13
University of Illinois at Chicago,2014,218,USA,90,355,220,170,47.63,0,43.9,45.5,43.3,34.9,24313,9.2
University of Bologna,2014,219,Italy,4,342,187,552,47.59,0,48.1,30.7,40.7,18.6,85532,22.9
University of Manitoba,2014,220,Canada,10,149,220,227,47.56,0,35.4,30.8,40,29.3,28576,27.8
University of Turin,2015,221,Italy,5,315,197,613,47.04,0,40,29.4,39.3,20.3,67552,66
"University of California, Riverside",2014,222,USA,91,228,134,259,47.53,0,32.7,25.9,62.2,25.8,20626,22
University of Manitoba,2015,222,Canada,10,157,212,175,47.04,0,34.5,31.6,43.4,29.4,28576,27.8
University of Vienna,2015,223,Austria,1,191,161,671,47.03,0,36.5,35.2,91,39.7,34651,20.5
Maastricht University,2015,225,Netherlands,8,367,234,281,47,0,41.4,32.4,89.7,48.1,15626,18.9
Laval University,2014,226,Canada,11,285,220,109,47.47,0,36.9,37.7,54,29.1,27227,16.2
National Cheng Kung University,2015,226,Taiwan,2,367,812,436,46.97,0,40.7,31.8,26.7,40.1,21234,14.4
Laval University,2015,229,Canada,11,292,182,140,46.95,0,36.7,35.8,55.7,29.9,27227,16.2
Newcastle University,2014,229,United Kingdom,19,355,200,481,47.42,0,38.5,29.7,76.3,28.3,20174,15.2
Claude Bernard University Lyon 1,2014,230,France,10,355,220,204,47.42,0,41,21.2,50.6,16.3,35308,16.1
RWTH Aachen University,2015,230,Germany,18,357,182,158,46.9,0,40.6,39,56.8,29.9,37917,27.6
University of Turin,2014,231,Italy,5,311,220,552,47.4,0,40.3,26.1,39.7,20.9,67552,66
University of Kiel,2014,232,Germany,17,180,220,280,47.39,13.3,31.2,29.7,44.2,22.7,24444,23.8
University of Connecticut,2014,233,USA,94,282,200,204,47.35,0,34.6,36.1,38.7,22.8,25742,13
Tulane University,2014,234,USA,95,298,283,194,47.34,0,26.6,43,29,20.6,11381,8.4
Brandeis University,2014,236,USA,97,49,493,128,47.31,0,18.4,28.8,50.6,24.3,5495,12.6
University of Gothenburg,2015,237,Sweden,6,257,136,871,46.79,15.4,41.3,24.1,46.8,38.2,26420,16.4
RWTH Aachen University,2014,238,Germany,19,346,187,138,47.26,0,41.1,40.4,55.5,31.3,37917,27.6
University College Dublin,2015,238,Ireland,2,241,128,278,46.79,0,34.1,31.7,79.4,28.1,22193,24.5
University of Science and Technology of China,2015,239,China,6,367,368,452,46.73,0,50.8,36.9,26.3,27.3,14290,7.9
University of Leicester,2015,240,United Kingdom,19,367,197,385,46.72,0,31,29.8,83.9,31.6,14541,13.4
Autonomous University of Barcelona,2015,241,Spain,3,367,264,277,46.72,0,44.5,30.4,46.4,29.2,30538,12.3
Rensselaer Polytechnic Institute,2014,243,USA,100,120,159,138,47.2,0,23.1,30.7,35.6,35.5,6671,15
Nanjing University,2015,244,China,7,342,234,164,46.61,0,53.7,34.6,50.2,23.3,29743,13.3
National Cheng Kung University,2014,246,Taiwan,2,355,800,307,47.16,0,43.6,31.5,24.9,40.7,21234,14.4
University of Delaware,2014,247,USA,101,297,250,76,47.16,16.3,32.2,27,37.1,35.5,19262,15.9
University of Florence,2015,247,Italy,6,327,197,564,46.58,0,38.8,18.1,37.4,17.3,54290,17.2
University of Cape Town,2015,248,South Africa,2,104,234,268,46.58,0,37.3,26.8,76.7,35.3,20040,12.1
Maastricht University,2014,250,Netherlands,8,355,283,307,47.11,0,41.5,33.1,89.1,47.1,15626,18.9
University of Sussex,2015,253,United Kingdom,22,151,161,553,46.49,22.4,30.3,31.9,83.6,30.4,12001,17.4
University of Tsukuba,2014,253,Japan,13,183,176,259,47,19.6,35.7,36.6,32.6,20.9,15930,12.6
Autonomous University of Barcelona,2014,254,Spain,3,355,250,204,46.99,0,45.3,30.6,48.3,28,30538,12.3
Delft University of Technology,2015,255,Netherlands,9,307,264,146,46.46,0,38.9,55.5,77.9,71.4,15920,19.4
Virginia Polytechnic Institute and State University,2015,256,USA,98,283,234,181,46.46,0,40.9,40.1,28.9,40,30850,18.6
University of Lisbon,2015,257,Portugal,1,337,197,495,46.43,8.1,45,30.1,46.8,22.8,47849,17.5
Drexel University,2015,258,USA,99,367,287,91,46.43,0,29.5,31.8,42.2,14.3,20713,10.8
Oregon State University,2015,260,USA,101,189,161,389,46.42,0,34.7,27.8,36.7,21.1,22578,16.8
Drexel University,2014,261,USA,107,355,220,89,46.89,0,28.6,33.9,38.2,15,20713,10.8
Durham University,2015,261,United Kingdom,23,132,197,460,46.42,0,34.5,37.2,80.4,40.7,15489,15.7
University of Tsukuba,2015,262,Japan,12,202,212,213,46.41,19.6,34.7,33.4,36.1,21.6,15930,12.6
University of Leicester,2014,263,United Kingdom,22,355,220,373,46.87,0,32.7,32.5,81.6,32.9,14541,13.4
Durham University,2014,264,United Kingdom,23,122,250,373,46.87,0,34.1,38.3,76.8,38.3,15489,15.7
Medical University of Vienna,2015,265,Austria,2,367,212,366,46.39,9.4,33.4,28.6,73.1,17,7426,2.9
Oregon State University,2014,265,USA,109,175,176,338,46.82,0,35.3,25.7,35.4,19.7,22578,16.8
University of Florence,2014,266,Italy,6,316,200,637,46.8,0,38.9,17.7,37.3,13.2,54290,17.2
University of Cape Town,2014,267,South Africa,2,97,220,552,46.78,0,35.6,26.3,77.2,31,20040,12.1
University College Dublin,2014,269,Ireland,2,227,150,307,46.77,0,34.8,27.1,79.6,29,22193,24.5
University of Waterloo,2015,269,Canada,12,367,234,626,46.34,0,42.2,30.9,63.1,40.4,30726,24.2
Charles University in Prague,2015,270,Czech Republic,1,238,182,636,46.32,0,43.9,31.5,53.9,24.3,51438,13
University of Science and Technology of China,2014,270,China,8,355,363,481,46.75,0,47.5,38.7,25.8,26.1,14290,7.9
Virginia Polytechnic Institute and State University,2014,271,USA,111,270,200,227,46.72,0,40.4,33.7,27.5,40.4,30850,18.6
Tulane University,2015,272,USA,105,324,264,258,46.31,0,26.1,40.7,29.7,20.7,11381,8.4
Brandeis University,2015,274,USA,107,51,428,249,46.29,0,18.4,25.8,54.7,29.1,5495,12.6
Delft University of Technology,2014,275,Netherlands,9,289,250,227,46.63,0,38.6,55.8,74.2,67.3,15920,19.4
Northeastern University,2015,275,USA,108,316,264,86,46.29,0,29.9,36.4,54.7,21.9,18539,15.1
University of Aberdeen,2014,276,United Kingdom,24,347,250,481,46.63,13.3,31.9,27.9,83.6,26.8,12938,15.8
Sun Yat-sen University,2015,277,China,8,367,287,221,46.25,0,54.9,32.5,37,25.2,51351,16.6
University of Waterloo,2014,280,Canada,13,355,283,637,46.58,0,41.6,28.9,62,37.4,30726,24.2
University of Delaware,2015,281,USA,109,318,234,120,46.21,16.3,30.8,29,40.6,36.3,19262,15.9
Rensselaer Polytechnic Institute,2015,282,USA,110,137,182,210,46.19,0,22.1,30.9,42.8,26.2,6671,15
University of Bergen,2015,283,Norway,3,367,212,871,46.18,0,36.7,29.5,65.3,27.9,11623,11.1
Dalhousie University,2014,284,Canada,14,355,250,338,46.52,0,34.1,32.6,59.1,28.8,15064,14.4
University of Aberdeen,2015,285,United Kingdom,26,360,287,422,46.17,13.3,31.3,28,84.1,30.2,12938,15.8
Dalhousie University,2015,286,Canada,14,367,264,384,46.17,0,34.3,33.6,71.6,30,15064,14.4
University of Duisburg-Essen,2015,288,Germany,23,367,321,348,46.13,0,30.6,21.9,49.2,13.7,36051,46.6
University of Porto,2014,290,Portugal,2,83,250,426,46.42,0,42.7,20.5,43.9,17.8,32720,18.8
Sun Yat-sen University,2014,292,China,9,355,310,138,46.42,0,53.2,29.4,25.5,18.2,51351,16.6
University of Warwick,2015,293,United Kingdom,27,210,161,234,46.05,29.8,39.3,41.1,85.7,45.8,18529,16.6
University of Valencia,2015,294,Spain,4,367,264,548,46.03,0,41.1,17.9,43.7,12,58413,15.4
University of Pisa,2015,295,Italy,8,273,212,528,46.03,23.1,37,22.4,36.7,18.8,47247,18
University of Valencia,2014,301,Spain,4,355,220,552,46.34,0,41.8,16.6,39.3,12.4,58413,15.4
University of Duisburg-Essen,2014,303,Germany,27,355,406,426,46.31,0,30.8,20.4,47.7,12,36051,46.6
Autonomous University of Madrid,2015,304,Spain,5,367,321,443,45.92,0,39.3,28.6,48.8,19.3,28296,13
University of Bergen,2014,305,Norway,3,355,283,737,46.31,0,36.9,30.8,62.9,28.2,11623,11.1
Stellenbosch University,2015,306,South Africa,3,367,321,219,45.92,0,31.2,30,47.8,31.2,21849,23
University of Pisa,2014,308,Italy,8,268,200,426,46.3,23.1,38.1,20.3,35,18.1,47247,18
Autonomous University of Madrid,2014,309,Spain,5,355,310,426,46.29,0,39,24.5,46,19.4,28296,13
University of St Andrews,2015,309,United Kingdom,28,145,321,189,45.89,0,29.3,35.7,90.5,35.9,8338,12.7
Medical University of Vienna,2014,310,Austria,2,355,283,426,46.29,9.4,32.9,25.9,69.4,15.9,7426,2.9
Stellenbosch University,2014,311,South Africa,3,355,310,259,46.26,0,30.2,24.7,46.7,29.3,21849,23
University of Antwerp,2015,312,Belgium,6,367,234,372,45.84,0,35.8,34.6,61,33.6,12346,30.3
Charles University in Prague,2014,313,Czech Republic,1,337,220,637,46.23,0,43.6,29.1,53.2,19.9,51438,13
University of Stuttgart,2015,316,Germany,27,82,511,376,45.79,0,26.7,30.6,59.3,17.3,24099,45.4
Northeastern University,2014,318,USA,119,295,250,115,46.2,0,28.8,34.5,48.5,19.8,18539,15.1
Kansas State University,2014,319,USA,120,116,220,259,46.2,0,28,26.1,34.1,15.5,21379,15.1
University of Vermont,2014,320,USA,121,178,406,373,46.2,0,26.4,26.6,21,19.3,NA,NA
University of St Andrews,2014,323,United Kingdom,28,125,363,280,46.15,0,29,36.9,88.8,32.2,8338,12.7
University of Vermont,2015,324,USA,119,198,368,397,45.7,0,26.6,26.8,21,19.4,NA,NA
University of Warwick,2014,324,United Kingdom,29,198,200,259,46.13,0,38.9,39.8,82.9,42.4,18529,16.6
University of York,2015,325,United Kingdom,29,367,161,406,45.69,0,32.5,32.2,75,33.8,NA,NA
Boston College,2015,326,USA,120,367,197,386,45.65,0,22.3,32.4,54.6,29.1,13216,17.4
University of Innsbruck,2014,326,Austria,3,190,310,373,46.12,9.4,24.8,25.2,91.4,17.2,18209,16.9
University of Pavia,2015,327,Italy,10,295,264,680,45.64,0,30.7,26.3,43.5,19.2,22958,40.6
University of Antwerp,2014,330,Belgium,7,355,220,373,46.08,0,35.8,34.5,61.1,33.2,12346,30.3
Boston College,2014,332,USA,124,355,200,338,46.06,0,22.5,26.3,54.4,26.4,13216,17.4
University of Exeter,2015,333,United Kingdom,30,264,428,353,45.59,0,34.9,32,79.8,32.7,17755,18.8
University of East Anglia,2015,336,United Kingdom,31,206,146,500,45.58,0,28.3,25.2,76.5,22.6,14992,14.7
University of York,2014,336,United Kingdom,30,355,159,481,45.99,0,33,31.7,73.6,33.2,NA,NA
University of Trieste,2015,342,Italy,13,367,287,616,45.54,0,25.1,28.7,50.7,16,18135,25.8
University of Pavia,2014,344,Italy,12,276,283,637,45.92,0,31.4,27.9,40.5,20,22958,40.6
Technical University of Berlin,2015,345,Germany,30,85,368,177,45.52,0,29.1,42.2,70.4,32.3,NA,NA
University of Innsbruck,2015,347,Austria,3,197,287,442,45.51,9.4,24.1,23.9,93.4,17.1,18209,16.9
Eindhoven University of Technology,2015,348,Netherlands,11,367,321,279,45.51,0,31.1,38.3,69,47.1,8176,16
San Diego State University,2014,348,USA,127,240,200,481,45.88,0,25,15,22.2,23.1,27420,31.7
University of East Anglia,2014,350,United Kingdom,33,187,187,637,45.87,0,29.9,27.2,72.3,24,14992,14.7
University of Southern Denmark,2014,352,Denmark,4,355,310,280,45.83,0,35.5,18.5,66.4,18.3,22210,12.7
University of Victoria,2015,352,Canada,16,367,234,853,45.48,0,29.7,21.6,70.1,30.6,17581,21.5
Eindhoven University of Technology,2014,353,Netherlands,11,355,310,307,45.82,0,31.9,37.3,68.7,47.9,8176,16
Kansas State University,2015,353,USA,125,130,212,294,45.47,0,27.9,27,41.5,16.5,21379,15.1
University of Otago,2014,355,New Zealand,2,355,220,637,45.8,0,34.6,24.6,84.8,26.9,18600,20.3
University of Southern Denmark,2015,356,Denmark,4,367,321,320,45.46,0,37.6,19.5,67.1,20.5,22210,12.7
University of Exeter,2014,357,United Kingdom,34,250,406,481,45.79,0,33.6,29.2,76.7,32.8,17755,18.8
University of Otago,2015,357,New Zealand,2,367,287,542,45.44,0,34.1,27.1,81.5,27.7,18600,20.3
San Diego State University,2015,361,USA,128,248,264,509,45.41,0,24.2,19.7,26.9,24.8,27420,31.7
Simon Fraser University,2015,362,Canada,17,367,368,381,45.4,0,32.7,24.6,61.4,29.3,26640,28.3
University of Eastern Finland,2015,366,Finland,2,367,321,861,45.37,0,28.8,24.3,44.1,21.6,10798,17.3
University of Guelph,2014,366,Canada,15,355,125,373,45.74,0,31.1,20.6,39.1,22.6,21643,28.3
University of Trieste,2014,367,Italy,14,355,283,426,45.73,0,25.4,19.1,49.8,15,18135,25.8
University of Ferrara,2015,369,Italy,15,367,287,656,45.36,0,24.9,19.5,42.1,15.2,18882,30.2
City University of Hong Kong,2015,373,Hong Kong,5,367,511,387,45.33,0,38.5,31,71.3,32.9,10015,7.1
University of Eastern Finland,2014,373,Finland,2,355,310,737,45.69,0,27.9,23.8,39.7,18.6,10798,17.3
City University of Hong Kong,2014,375,Hong Kong,4,355,493,259,45.67,0,37.9,30.9,65.9,33.5,10015,7.1
Pompeu Fabra University,2015,375,Spain,9,367,428,604,45.31,0,26.4,25.1,63.2,28.3,10901,18.3
University of Victoria,2014,377,Canada,16,355,363,737,45.66,0,30.6,18.1,67,28.5,17581,21.5
University of Turku,2015,383,Finland,3,367,812,568,45.27,0,33,24.3,46.3,21.8,12326,14.6
National Chiao Tung University,2015,386,Taiwan,3,367,428,871,45.24,0,32.1,35,30.7,40.7,12646,16.6
University of Ferrara,2014,387,Italy,17,355,310,552,45.6,0,25.1,15.4,38.6,14.4,18882,30.2
Ewha Womans University,2015,390,South Korea,11,367,645,107,45.2,0,27.7,23.5,36,18,17625,14.4
Temple University,2014,390,USA,136,262,493,194,45.59,0,33.4,35.4,22.4,15,33268,13.3
Aalto University,2014,392,Finland,4,355,609,138,45.58,0,32,26.9,64.3,17,16099,24.2
Simon Fraser University,2014,393,Canada,17,355,406,373,45.58,0,33.3,22,58.4,27.9,26640,28.3
Chalmers University of Technology,2014,395,Sweden,9,349,493,737,45.57,0,30.2,26.2,61.5,34.8,8605,11.6
York University,2014,398,Canada,18,355,250,737,45.55,0,30.6,24.2,55.3,28.1,48007,39.4
Chalmers University of Technology,2015,402,Sweden,9,361,428,871,45.16,0,29.7,35.7,62.5,32.8,8605,11.6
University of Bath,2015,405,United Kingdom,34,367,287,478,45.14,0,27.9,29.2,76.1,25.1,12830,18.8
National Tsing Hua University,2015,407,Taiwan,4,262,428,731,45.14,0,32.6,39.4,24.8,40.3,10221,13.5
University of Twente,2015,408,Netherlands,12,367,368,288,45.14,0,31.4,32.3,67.2,45.3,6631,12
National Chiao Tung University,2014,411,Taiwan,3,355,609,737,45.49,0,34.7,37.3,28.9,42.1,12646,16.6
George Mason University,2015,414,USA,140,367,264,526,45.13,31.9,28.7,26.3,35.8,20.3,26622,17
Wuhan University,2015,415,China,19,367,645,576,45.13,0,45.6,34.1,33.1,17.4,46227,14.4
Swedish University of Agricultural Sciences,2015,416,Sweden,10,146,428,871,45.12,0,29.1,27.9,49.6,25.2,3879,4.6
National Tsing Hua University,2014,418,Taiwan,4,244,493,552,45.46,0,32.7,39.5,21.5,35.4,10221,13.5
University of Warsaw,2014,419,Poland,1,119,363,637,45.45,0,30.6,18.7,42.8,14.3,49292,14.1
King Saud University,2014,420,Saudi Arabia,1,355,800,115,45.45,0,40.5,21.4,72.2,21.1,40666,13.4
Aalto University,2015,421,Finland,4,367,645,246,45.1,0,33.4,31.8,59.4,31.3,16099,24.2
University of Bath,2014,421,United Kingdom,37,355,310,552,45.44,0,27.5,26.7,77.4,25.2,12830,18.8
Lancaster University,2015,426,United Kingdom,35,367,234,673,45.08,0,30.1,35.4,84.7,36.1,11512,14.9
Vienna University of Technology,2014,427,Austria,4,351,406,159,45.43,0,29,39.2,72.4,30.8,26419,52
Vienna University of Technology,2015,427,Austria,5,363,321,171,45.08,0,28.8,43.3,75.9,32.4,26419,52
Swedish University of Agricultural Sciences,2014,433,Sweden,10,355,363,737,45.4,0,30,29,45.2,23.9,3879,4.6
George Mason University,2014,434,USA,141,355,283,637,45.4,31.9,27.9,24.5,37.3,18,26622,17
University College Cork,2015,436,Ireland,3,367,368,195,45.03,0,25.3,26.7,70.8,22.2,15805,22.3
University of Twente,2014,445,Netherlands,12,355,363,338,45.36,0,32.5,32.7,65.5,43.8,6631,12
Indian Institute of Science,2015,448,India,3,367,511,239,44.96,0,36.8,32.6,18.2,39.5,3318,8.2
Lancaster University,2014,449,United Kingdom,38,355,250,637,45.33,0,29.3,34.8,81.2,32.6,11512,14.9
Macquarie University,2015,449,Australia,9,367,321,530,44.96,0,33.6,24,89.2,24.8,27930,20
University of Warsaw,2015,462,Poland,2,118,428,716,44.91,0,29.9,20.8,41.6,13.6,49292,14.1
Syracuse University,2015,463,USA,150,138,428,392,44.91,0,25.2,32.4,41.2,24.4,19660,15.9
University College Cork,2014,463,Ireland,3,355,406,227,45.25,0,26,27.2,67.1,20.1,15805,22.3
Bielefeld University,2015,464,Germany,36,367,511,774,44.91,0,24.8,27.5,48.6,19.1,21428,67.8
University of Wollongong,2015,467,Australia,10,367,428,493,44.88,0,32,25.2,80.4,27.8,16489,25.4
University of Konstanz,2014,468,Germany,36,355,493,481,45.22,0,22.7,27,58.9,30.7,10930,59.1
Polytechnic University of Valencia,2014,474,Spain,13,355,609,204,45.21,0,33.4,20.9,28.2,13.1,33172,13.6
University of Wyoming,2014,485,USA,157,355,363,426,45.18,0,23.4,18.9,29.7,28.6,NA,NA
Macquarie University,2014,486,Australia,9,355,283,552,45.18,0,32.8,20.9,91.1,23.8,27930,20
University of Canterbury,2014,487,New Zealand,3,173,493,737,45.17,0,25.8,18.2,88,24.4,12187,16.5
University of Konstanz,2015,490,Germany,38,367,368,614,44.81,0,22.2,30.5,57,33.4,10930,59.1
Bielefeld University,2014,491,Germany,38,355,493,737,45.15,0,24.4,22.8,46.9,17.9,21428,67.8
University of Surrey,2014,499,United Kingdom,41,195,406,338,45.12,0,27.5,31.1,83.5,22.7,12063,16.6
"University of Maryland, Baltimore County",2014,505,USA,162,355,363,373,45.1,0,17.1,16.9,34.4,15,13908,18.1
University of Wollongong,2014,506,Australia,10,355,609,338,45.1,0,31.9,22.8,83.9,25.2,16489,25.4
University of Graz,2014,518,Austria,6,338,406,481,45.04,9.4,19.1,24.6,59.9,14.4,20584,26.8
Victoria University of Wellington,2014,527,New Zealand,4,296,609,637,45.01,0,25,19.7,82.9,27.7,17142,21.1
University of Bremen,2015,535,Germany,43,367,321,515,44.68,0,29.1,33.9,53,27.6,18590,25.6
University of Newcastle,2014,546,Australia,12,355,609,637,44.97,0,31.4,21.2,70.5,28.2,23508,21.9
University of Essex,2014,563,United Kingdom,44,106,406,737,44.92,0,20.1,30.6,82.4,30.5,12695,19.8
Aalborg University,2015,565,Denmark,5,367,287,401,44.59,0,30.4,23.8,65.8,28.5,17422,15.9
Deakin University,2015,579,Australia,14,367,321,636,44.56,0,35.4,20.1,71.8,20.6,32713,30.4
University of Graz,2015,584,Austria,7,349,812,600,44.54,9.4,19.9,23.7,64.8,17.3,20584,26.8
Aalborg University,2014,593,Denmark,5,355,363,426,44.83,0,27.6,20,70.8,24.5,17422,15.9
Carleton University,2015,593,Canada,23,367,264,871,44.53,0,26.8,24.3,61.1,24.5,25036,29.8
Curtin University,2015,595,Australia,15,367,511,518,44.52,0,37.1,20.1,91.3,17.1,30333,17.1
University of Tasmania,2014,608,Australia,15,355,609,737,44.8,0,27.6,18.7,69.9,16.7,18340,23.8
Deakin University,2014,613,Australia,17,355,609,637,44.79,0,34.1,16.6,73.4,18.7,32713,30.4
Tilburg University,2014,614,Netherlands,13,355,609,737,44.78,0,28.1,32,57.6,45.7,7576,22.4
Queensland University of Technology,2015,621,Australia,18,367,511,492,44.48,0,34.6,29.9,69.8,36,33391,35.8
Carleton University,2014,627,Canada,22,355,310,737,44.75,0,26.2,19.4,57.5,24.1,25036,29.8
University of Essex,2015,632,United Kingdom,48,119,511,871,44.45,0,20.7,31.6,86.7,29,12695,19.8
Swinburne University of Technology,2015,688,Australia,20,367,511,772,44.38,0,22.3,20.2,86.9,16.3,20314,36.5
Sharif University of Technology,2015,697,Iran,1,116,511,871,44.37,0,29.1,28.7,19.4,34.7,10977,18.7
Swinburne University of Technology,2014,737,Australia,21,355,493,737,44.6,0,21.4,17,68.5,19.4,20314,36.5
King Abdulaziz University,2014,992,Saudi Arabia,4,355,609,637,44.26,0,39,18.2,74.3,9.4,35889,8.4
